code,scode,fileName,fileToMerge
001,000,2024-04-09_10-15-35_2024-04-09_10-15-35.gpx,
002,003,2024-04-13_13-47-56_2024-04-13_13-47-56.gpx,2024-04-13_16-02-50_2024-04-13_16-02-50.gpx
004,000,2024-04-13_18-13-36_2024-04-13_18-13-36.gpx,
005,000,2024-04-13_18-34-41_2024-04-13_18-34-41.gpx,
006,000,2024-04-14_06-55-44_2024-04-14_06-55-44.gpx,
007,000,2024-04-14_07-57-33_2024-04-14_07-57-33.gpx,
008,000,2024-04-14_08-26-29_2024-04-14_08-26-29.gpx,
009,000,2024-04-14_14-36-37_2024-04-14_14-36-37.gpx,
010,000,2024-04-16_07-48-06_2024-04-16_07-48-06.gpx,
011,000,2024-04-16_08-51-15_2024-04-16_08-51-15.gpx,
012,000,2024-04-16_09-55-43_2024-04-16_09-55-43.gpx,
013,000,2024-04-16_10-45-57_2024-04-16_10-45-57.gpx,
014,000,2024-04-16_14-50-14_2024-04-16_14-50-14.gpx,
015,000,2024-04-16_15-25-33_2024-04-16_15-25-33.gpx,
016,000,2024-04-16_15-53-42_2024-04-16_15-53-42.gpx,
017,000,2024-04-16_16-05-34_2024-04-16_16-05-34.gpx,
018,000,2024-04-17_17-28-02_2024-04-17_17-28-02.gpx,
019,000,2024-04-17_19-07-00_2024-04-17_19-07-00.gpx,
020,000,2024-04-18_08-02-35_Ciclofaixa_Paris_2024-04-18_08-02-35.gpx,
021,000,2024-04-18_08-42-37_2024-04-18_08-42-37.gpx,
022,000,2024-04-18_09-26-02_ciclofaixa_pinheiros_ATÉ_chegar_no_canal_2024-04-18_09-26-02.gpx,
023,000,2024-04-18_09-59-46_2024-04-18_09-59-46.gpx,
024,022,2024-04-18_09-59-59_ciclorrota_rua_eng._josé_brandão_cavalcante_2024-04-18_09-59-59.gpx,2024-04-18_09-26-02_ciclofaixa_pinheiros_ATÉ_chegar_no_canal_2024-04-18_09-26-02.gpx
025,000,2024-04-18_10-07-13_ciclofaixa_eng._alves_de_souza_2024-04-18_10-07-13.gpx,
026,208,2024-04-18_10-34-23_ciclofaixa_lagoa_do_araçá_2024-04-18_10-34-23.gpx,2024-05-11_17-31-04_LAGOA_DO_ARAÇÁ_2024-05-11_17-31-04.gpx
027,000,2024-04-18_10-35-48_2024-04-18_10-35-48.gpx,
028,000,2024-04-18_11-16-50_ciclorrota_av._sen._robert_kennedy_2024-04-18_11-16-50.gpx,
029,000,2024-04-18_11-22-03_2024-04-18_11-22-03.gpx,
030,000,"2024-04-18_11-31-46_ciclofaixa_ruas_allan_kardec,_jor._cleófas_de_oliveira,_jalisco,_av._sul_cid_sampaio_e_rua_guadalajara_2024-04-18_11-31-46.gpx",
031,000,2024-04-18_11-48-01_2024-04-18_11-48-01.gpx,
032,000,2024-04-18_12-12-42_passarela_estação_shopping_2024-04-18_12-12-42.gpx,
033,000,"2024-04-18_12-17-16_ciclorrota_av_sul_cid_sampaio,_rua_sd_sinésio_de_aragão_2024-04-18_12-17-16.gpx",
034,000,2024-04-18_12-18-07_2024-04-18_12-18-07.gpx,
035,000,2024-04-18_12-33-34_ciclofaixa_av_sul_cid_sampaio_2024-04-18_12-33-34.gpx,
036,000,2024-04-18_12-35-31_2024-04-18_12-35-31.gpx,
037,000,2024-04-18_12-51-24_ciclofaixa_antonio_falcao_2024-04-18_12-51-24.gpx,
038,000,2024-04-18_13-01-23_2024-04-18_13-01-23.gpx,
039,000,2024-04-18_13-17-47_2024-04-18_13-17-47.gpx,
040,000,2024-04-18_13-49-54_ciclorrota_antonio_falcao_2024-04-18_13-49-54.gpx,
041,000,2024-04-18_13-50-50_2024-04-18_13-50-50.gpx,
042,000,2024-04-18_14-05-44_2024-04-18_14-05-44.gpx,
043,000,2024-04-18_14-15-17_ciclofaixa_paralela_antonio_falcao_2024-04-18_14-15-17.gpx,
045,000,2024-04-18_14-35-50_ciclofaixa_rua_prof_arnaldo_carneiro_leão_2024-04-18_14-35-50.gpx,
046,044,2024-04-18_14-36-34_2024-04-18_14-36-34.gpx,2024-04-18_14-28-18_2024-04-18_14-28-18.gpx
047,000,2024-04-18_14-45-12_via_mangue_2024-04-18_14-45-12.gpx,
050,000,2024-04-18_17-53-33_2024-04-18_17-53-33.gpx,
051,000,2024-04-20_15-19-26_2024-04-20_15-19-26.gpx,
052,000,2024-04-20_16-08-37_2024-04-20_16-08-37.gpx,
053,000,2024-04-21_14-42-29_2024-04-21_14-42-29.gpx,
054,000,2024-04-21_14-58-15_2024-04-21_14-58-15.gpx,
055,000,2024-04-21_15-35-25_2024-04-21_15-35-25.gpx,
056,000,2024-04-21_16-11-50_2024-04-21_16-11-50.gpx,
057,000,2024-04-21_16-49-06_2024-04-21_16-49-06.gpx,
058,000,2024-04-21_17-13-33_2024-04-21_17-13-33.gpx,
059,000,2024-04-21_17-29-53_2024-04-21_17-29-53.gpx,
060,000,2024-04-21_17-59-31_2024-04-21_17-59-31.gpx,
061,000,2024-04-21_18-13-45_2024-04-21_18-13-45.gpx,
062,000,2024-04-21_18-48-52_2024-04-21_18-48-52.gpx,
063,063,2024-04-22_16-27-27_2024-04-22_16-27-27.gpx,2024-04-22_16-27-27_2024-04-22_16-27-27.gpx
065,000,2024-04-22_17-03-23_2024-04-22_17-03-23.gpx,
066,067,2024-04-24_08-38-22_Ciclorota_Rota_Setúbal_1_etapa_2024-04-24_08-38-22.gpx,2024-04-24_08-38-40_ciclorrota_setubal_1_etapa_2024-04-24_08-38-40.gpx
068,000,2024-04-24_09-55-48_Ciclofaixa_rota_Setúbal_1_etapa_2024-04-24_09-55-48.gpx,
070,071,"2024-04-24_10-22-04_ciclofaixa_rua_cosmorama,_rua_mal_juarez_tavora_e_rua_armindo_moura_2024-04-24_10-22-04.gpx",2024-04-24_10-22-15_Ciclofaixa_rota_Setúbal_1_etapa_ciclofaixa_2024-04-24_10-22-15.gpx
072,073,2024-04-24_11-34-46_Ciclofaixa_Visc._Jequitinhonha_2_etapa_2024-04-24_11-34-46.gpx,2024-04-24_11-35-59_ciclofaixa_av_visc_jequitinhonha_2_etapa_2024-04-24_11-35-59.gpx
074,075,2024-04-24_12-02-24_Ciclofaixa_Rota_Setúbal_2_etapa_Rua_João_Cardoso_Aires_2024-04-24_12-02-24.gpx,2024-04-24_12-02-32_ciclofaixa_rua_joao_cardoso_ayres_(rota_setubal_2_etapa)_2024-04-24_12-02-32.gpx
077,078,2024-04-24_12-50-42_Ciclofaixa_Visc_de_jequitinhonha_2_etapa_2024-04-24_12-50-42.gpx,2024-04-24_12-50-53_ciclofaixa_visc_jequitinhonha_2_etapa_2024-04-24_12-50-53.gpx
079,080,2024-04-24_13-07-25_Ciclorota_Rua_visc_jequitinhonha_2_etapa_2024-04-24_13-07-25.gpx,2024-04-24_13-08-09_ciclorrota_jequitinhonha_2_etapa_2024-04-24_13-08-09.gpx
081,082,2024-04-24_13-29-02_ciclorrota_visc_jequitinhonha_etapa_1_2024-04-24_13-29-02.gpx,2024-04-24_13-29-06_ciclorota_visconde_de_jequitinhonha_1_etapa_2024-04-24_13-29-06.gpx
083,084,2024-04-24_13-33-35_ciclofaixa_visc_jequitinhonha_etapa_1_2024-04-24_13-33-35.gpx,2024-04-24_13-33-40_Ciclofaixa_visc_jequitinhonha_1_etapa_2024-04-24_13-33-40.gpx
084,000,2024-04-24_13-33-40_Ciclofaixa_visc_jequitinhonha_1_etapa_2024-04-24_13-33-40.gpx,
085,086,2024-04-24_14-04-32_Ciclofaixa_Rota_prof._João_Medeiros_2024-04-24_14-04-32.gpx,2024-04-24_14-04-33_ciclofaixa_professor_joao_medeiros_2024-04-24_14-04-33.gpx
087,000,2024-04-24_14-17-41_ciclorrota_prof_joao_medeiros_2024-04-24_14-17-41.gpx,
088,089,2024-04-24_14-31-29_ciclovia_shopping_recife_2024-04-24_14-31-29.gpx,2024-04-24_14-33-13_ciclovia_Bruno_Veloso_2024-04-24_14-33-13.gpx
090,091,2024-04-24_14-36-54_area_compartilhada_shopping_recife_2024-04-24_14-36-54.gpx,2024-04-24_14-37-49_Área_compartilhada_E_Bruno_Veloso_2024-04-24_14-37-49.gpx
094,000,2024-04-24_16-42-33_RUA_DA_AURORA_2024-04-24_16-42-33.gpx,
096,174,2024-04-24_17-35-20_AV_MÁRIO_MELO_RUA_DOS_PALMARES_2024-04-24_17-35-20.gpx,2024-05-09_18-48-25_RUA_DOS_PALMARES_E_RUA_DOUTOR_CARLOS_CHAGAS_(Percurso_ciclofaixa_João_de_barros)_2024-05-09_18-48-25.gpx
098,000,2024-04-26_17-10-50_RUA_DA_AURORA_2024-04-26_17-10-50.gpx,
099,000,2024-04-26_18-33-46_AV_JOÃO_FERNANDES_VIEIRA_2024-04-26_18-33-46.gpx,
100,000,2024-04-26_18-44-54_AV_JOÃO_FERNANDES_VIEIRA_AV_OLIVEIRA_LIMA_E_RUA_DO_RIACHUELO_2024-04-26_18-44-54.gpx,
101,000,2024-04-26_19-07-52_RUA_DO_RIACHUELO_2024-04-26_19-07-52.gpx,
102,000,2024-04-27_12-02-15_2024-04-27_12-02-15.gpx,
103,000,2024-04-27_12-46-54_2024-04-27_12-46-54.gpx,
104,000,2024-04-27_13-23-27_2024-04-27_13-23-27.gpx,
105,000,2024-04-27_13-51-39_2024-04-27_13-51-39.gpx,
106,000,2024-04-27_14-35-40_2024-04-27_14-35-40.gpx,
107,000,2024-04-27_14-50-17_2024-04-27_14-50-17.gpx,
108,000,2024-04-27_15-10-36_2024-04-27_15-10-36.gpx,
109,000,2024-04-27_16-40-29_2024-04-27_16-40-29.gpx,
110,000,2024-05-01_08-46-22_2024-05-01_08-46-22.gpx,
111,000,2024-05-01_09-27-46_2024-05-01_09-27-46.gpx,
112,000,2024-05-01_10-01-51_2024-05-01_10-01-51.gpx,
113,000,2024-05-01_10-08-49_2024-05-01_10-08-49.gpx,
114,000,2024-05-01_10-30-51_2024-05-01_10-30-51.gpx,
115,000,2024-05-02_18-14-35_2024-05-02_18-14-35.gpx,
116,000,2024-05-02_18-44-02_2024-05-02_18-44-02.gpx,
118,119,2024-05-03_07-37-40_Ciclorrota_Dom_Helder_camara_2024-05-03_07-37-40.gpx,2024-05-03_07-38-06_ciclorrota_dom_helder_camara_2024-05-03_07-38-06.gpx
120,121,2024-05-03_08-04-50_Ciclofaixa_Dom_Helder_camara_2024-05-03_08-04-50.gpx,2024-05-03_08-04-51_ciclofaixa_dom_helder_camara_2024-05-03_08-04-51.gpx
122,123,2024-05-03_08-36-29_ciclorrota_dom_helder_camara_2024-05-03_08-36-29.gpx,2024-05-03_08-36-43_CICLORROTA_DOM_Helder_camara_2024-05-03_08-36-43.gpx
124,125,2024-05-03_08-46-29_ciclofaixa_dom_helder_camara_2024-05-03_08-46-29.gpx,2024-05-03_08-46-37_Ciclofaixa_DOM_HELDER_CAMARA_2024-05-03_08-46-37.gpx
126,127,2024-05-03_08-53-12CICLOFAIXA_DOM_HELDER_CAMARA_2024-05-03_08-53-12.gpx,2024-05-03_08-54-09_ciclofaixa_dom_helder_camara_2024-05-03_08-54-09.gpx
128,129,2024-05-03_09-03-54_area_compartilhada_dom_helder_camara_2024-05-03_09-03-54.gpx,2024-05-03_09-11-25_ciclovia_dom_helder_camara_2024-05-03_09-11-25.gpx
130,131,2024-05-03_09-17-17_CICLOFAIXA_AV_DOM_HELDER_CAMARA_2024-05-03_09-17-17.gpx,2024-05-03_09-20-27_ciclofaixa_dom_helder_camara_2024-05-03_09-20-27.gpx
132,133,2024-05-03_09-54-37_CICLOVIA_IBURA_2024-05-03_09-54-37.gpx,2024-05-03_09-55-00_ciclovia_ibura_2024-05-03_09-55-00.gpx
134,135,2024-05-03_10-25-04_CICLOFAIXA_JULIO_CESAR_2024-05-03_10-25-04.gpx,2024-05-03_10-25-13_ciclofaixa_julio_cesar_2024-05-03_10-25-13.gpx
136,138,2024-05-03_17-57-49_2024-05-03_17-57-49.gpx,2024-05-03_18-40-02_2024-05-03_18-40-02.gpx
141,000,2024-05-06_17-26-47_2024-05-06_17-26-47.gpx,
142,143,2024-05-07_08-07-27_ciclofaixa_rua_manoel_honorato_da_silva_2024-05-07_08-07-27.gpx,2024-05-07_08-07-36_Ciclofaixa_Camaragibe_2024-05-07_08-07-36.gpx
145,146,2024-05-07_08-56-49_CAMARAGIBE_-_Ciclofaixa_RAMAL_ARENA_PERNAMBUCO_2024-05-07_08-56-49.gpx,2024-05-07_09-00-31_ciclofaixa_ramal_arena_pernambuco_-_obs_no_codigo_diz_ciclovia_mas_é_ciclofaixa_2024-05-07_09-00-31.gpx
147,000,2024-05-07_09-26-24_ciclovia_ramal_da_copa_2024-05-07_09-26-24.gpx,
148,000,2024-05-07_09-33-46_ciclovia_ramal_da_copa_Deus_é_fiel_2024-05-07_09-33-46.gpx,
153,154,2024-05-07_11-15-38Sao_Lourenço_ciclovia_arena_Pernambuco_2024-05-07_11-15-38.gpx,2024-05-07_11-15-46_ciclovia_arena_pernambuco_2024-05-07_11-15-46.gpx
155,156,2024-05-07_12-08-04_ciclofaixa_residencial_sao_lourenço_-_inscrito_como_ciclovia_mas_é_ciclofaixa_2024-05-07_12-08-04.gpx,2024-05-07_12-09-03__São_Lourenço_ciclofaixa_-_Residencial_SL_2024-05-07_12-09-03.gpx
157,000,2024-05-07_17-19-40_2024-05-07_17-19-40.gpx,
158,000,2024-05-07_17-39-52_2024-05-07_17-39-52.gpx,
159,000,2024-05-07_17-45-54_2024-05-07_17-45-54.gpx,
160,000,2024-05-08_16-37-10_2024-05-08_16-37-10.gpx,
161,000,2024-05-08_17-49-07_2024-05-08_17-49-07.gpx,
162,139,2024-05-09_13-19-56_AV._AGAMENOM_MAGALHÃES__(SENTIDO_BOA_VIAGEM)_2024-05-09_13-19-56.gpx,2024-05-03_18-55-42_2024-05-03_18-55-42.gpx
163,140,2024-05-09_13-43-31AV._AGAMENOM_MAGALHÃES_(SENTIDO_OLINDA)_2024-05-09_13-43-31.gpx,2024-05-03_19-56-48_2024-05-03_19-56-48.gpx
164,000,2024-05-09_14-45-26_RUA_DO_HOSPÍCIO_(CICLO_NA_CALÇADA)_(Percurso_ciclofaixa_Santo_Antônio)_2024-05-09_14-45-26.gpx,
165,000,2024-05-09_14-56-43_RUA_DO_HOSPÍCIO_(Percurso_ciclofaixa_Santo_Antônio)_2024-05-09_14-56-43.gpx,
166,000,2024-05-09_15-08-01_RUA_DO_HOSPÍCIO_(Percurso_ciclofaixa_Santo_Antônio)_2024-05-09_15-08-01.gpx,
167,000,2024-05-09_15-15-43_RUA_DO_HOSPÍCIO_(Percurso_ciclofaixa_Santo_Antônio)_2024-05-09_15-15-43.gpx,
168,000,2024-05-09_15-35-01_PONTE_DA_BOA_VISTA_(Percurso_ciclofaixa_Santo_Antônio)_2024-05-09_15-35-01.gpx,
169,000,2024-05-09_15-46-53_RUA_NOVA_(Percurso_ciclofaixa_Santo_Antônio)_2024-05-09_15-46-53.gpx,
170,000,2024-05-09_15-58-24_RUA_PRIMEIRO_DE_MARÇO(Percurso_ciclofaixa_Santo_Antônio)_2024-05-09_15-58-24.gpx,
171,000,2024-05-09_18-19-03_RUA_DA_SAUDADE_(CICLOROTA)_2024-05-09_18-19-03.gpx,
172,000,2024-05-09_18-23-53_RUA_DA_SAUDADE_2024-05-09_18-23-53.gpx,
174,000,2024-05-09_18-48-25_RUA_DOS_PALMARES_E_RUA_DOUTOR_CARLOS_CHAGAS_(Percurso_ciclofaixa_João_de_barros)_2024-05-09_18-48-25.gpx,
175,000,2024-05-09_18-59-25_AV_JOÃO_DE_BARROS_(Perscuso_ciclofaixa_João_de_Barros)_2024-05-09_18-59-25.gpx,
176,000,2024-05-09_19-10-49_AGAMENON_MAGALHÃES__(CICLO_NO_NÍVEL_DA_VIA)_2024-05-09_19-10-49.gpx,
177,000,2024-05-10_07-20-46_ciclovia_ponte_do_paiva_2024-05-10_07-20-46.gpx,
178,000,2024-05-10_07-32-54_ciclovia_do_paiva_2024-05-10_07-32-54.gpx,
180,000,2024-05-10_08-38-41_ciclofaixa_pe-024_itapuama_enseada_2024-05-10_08-38-41.gpx,
181,000,2024-05-10_09-45-06_ciclofaixa_av_vr._lucio_fernando_monteiro_pereira_-_sem_pintura_2024-05-10_09-45-06.gpx,
183,000,2024-05-10_11-32-35_ciclovia_academia_da_cidade_gaibu_2024-05-10_11-32-35.gpx,
184,000,2024-05-10_13-03-02_calçadao_vila_social_1_2024-05-10_13-03-02.gpx,
185,186,2024-05-10_13-20-37_calçadão_vila_social_2_2024-05-10_13-20-37.gpx,2024-05-10_13-26-21_area_compartilhada_vila_social_2024-05-10_13-26-21.gpx
187,000,2024-05-10_13-43-11_ciclovia_av_histo._pereira_da_costa_2024-05-10_13-43-11.gpx,
188,000,2024-05-10_13-53-24_ciclofaixa_av_histo_pereira_da_costa_2024-05-10_13-53-24.gpx,
189,000,2024-05-10_14-14-43_ciclofaixa_av_presidente_getulio_vargas_2024-05-10_14-14-43.gpx,
190,191,2024-05-10_14-32-34_ciclovia_pe060_2024-05-10_14-32-34.gpx,2024-05-10_14-42-29_ciclofaixa_pe060_2024-05-10_14-42-29.gpx
192,000,2024-05-10_15-33-41_2024-05-10_15-33-41.gpx,
193,000,2024-05-10_15-33-55_2024-05-10_15-33-55.gpx,
194,000,2024-05-10_16-21-27_2024-05-10_16-21-27.gpx,
195,000,2024-05-10_16-30-33_2024-05-10_16-30-33.gpx,
197,000,2024-05-10_17-20-45_2024-05-10_17-20-45.gpx,
198,000,2024-05-10_17-35-41_2024-05-10_17-35-41.gpx,
199,000,2024-05-10_18-38-45_2024-05-10_18-38-45.gpx,
200,000,2024-05-10_19-08-06_2024-05-10_19-08-06.gpx,
201,000,2024-05-10_19-18-29_2024-05-10_19-18-29.gpx,
202,000,2024-05-11_15-25-35_RUA_COMENDADOR_FRANCISCO_FERREIRA_2024-05-11_15-25-35.gpx,
203,000,"2024-05-11_15-37-48_Rua_Prof._Silvio_﻿_da_Cunha_Santos,_Av._General_San_Martin,_Av._João_﻿_Cabral_de_Melo_Neto,_Rua_Senador_Alberto_﻿Pasqualini_2024-05-11_15-37-48.gpx",
206,000,"2024-05-11_17-10-04_Rua_Visconde_de_Pelotas,_Rua_Santos_Araújo,_Rua_﻿_Quitério_Inácio_de_Mello,_Rua_Augusto_Calheiros_2024-05-11_17-10-04.gpx",
209,000,2024-05-13_11-35-17_RUA_JOSÉ_DE_ALENCAR_2024-05-13_11-35-17.gpx,
210,000,2024-05-13_11-44-36_RUA_JOSÉ_DE_ALENCAR_2024-05-13_11-44-36.gpx,
211,000,2024-05-13_12-03-00_RUA_FRANCISCO_ALVES_2024-05-13_12-03-00.gpx,
212,000,"2024-05-13_12-12-44_Praça_Miguel_de_Cervantes,_Rua_Estado_do_Israel,_Rua_Jornalista_Trajano_Chacon,_Rua_Frei_Matias_Tevis,_Rua_Senador_José_Henrique_2024-05-13_12-12-44.gpx",
213,000,2024-05-13_12-32-13_Rua_Antônio_Gomes_de_Freitas._2024-05-13_12-32-13.gpx,
214,000,2024-05-13_13-54-24_RUA_PAISSANDU_2024-05-13_13-54-24.gpx,
215,000,"2024-05-13_14-03-01Rua_Dom_Bosco,_Rua_Visconde_de_Goiana_2024-05-13_14-03-01.gpx",
216,000,"2024-05-13_14-16-30_Rua_Barão_de_São_Borja_depois_da_JOSÉ_DE_ALENCAR,_Rua_Rosário_da_Boa_Vista,_Rua_do_Aragão._2024-05-13_14-16-30.gpx",
217,000,"2024-05-13_14-32-18_até_Rua_da_Matriz,_Rua_Velha_2024-05-13_14-32-18.gpx",
218,000,2024-05-13_14-37-05_Rua_Dr._José_Mariano_2024-05-13_14-37-05.gpx,
219,000,2024-05-13_14-42-21_Rua_Dr._José_Mariano_até_a_Ponte_Duarte_Coelho._2024-05-13_14-42-21.gpx,
220,221,2024-05-14_08-59-06_ciclofaixa_nossa_sra_do_ó_2024-05-14_08-59-06.gpx,2024-05-14_09-00-02Ciclofaixa_NS_DO_Ó_2024-05-14_09-00-02.gpx
223,224,2024-05-14_10-01-15_Ciclovia_da_PE_-_09_2024-05-14_10-01-15.gpx,2024-05-14_10-01-15_ciclovia_pe009_2024-05-14_10-01-15.gpx
228,229,2024-05-14_11-52-03Ciclovia_de_Porto_de_Galinhas_2024-05-14_11-52-03.gpx,2024-05-14_11-56-00_ciclovia_porto_de_galinhas_2024-05-14_11-56-00.gpx
230,231,2024-05-14_12-20-47CICLOVIA_de_Maracaípe_2024-05-14_12-20-47.gpx,2024-05-14_12-22-14_ciclovia_de_maracaipe_2024-05-14_12-22-14.gpx
232,233,2024-05-14_13-04-28_Ciclovia_Rua_Esperança_2024-05-14_13-04-28.gpx,2024-05-14_13-04-37_ciclovia_rua_esperança_2024-05-14_13-04-37.gpx
234,000,2024-05-14_15-54-31__PRAÇA_JOAQUIM_NABUCO_E_RUA_FLORIANO_PEIXOTO_2024-05-14_15-54-31.gpx,
235,000,2024-05-14_16-04-58_Travessa_do_Cais_da_Detenção_e_Ponte_Seis_de_Março._2024-05-14_16-04-58.gpx,
236,237,2024-05-14_16-18-50_CICLOFAIXA_DA_VILA_DO_ESTALEIRO_-_AV_CALIFÓRNIA_2024-05-14_16-18-50.gpx,2024-05-14_16-19-34_ciclofaixa_vila_do_estaleiro_-_av_california_2024-05-14_16-19-34.gpx
238,000,"2024-05-14_16-20-12_PONTE_BUARQUE_DE_MACEDO,_PRAÇA_DA_REPÚBLICA_E_PONTE_PRINCESA_IZABEL_2024-05-14_16-20-12.gpx",
240,000,"2024-05-14_17-00-43_Av._Prefeito_Artur_Lima_Cavalcanti,_Av._Dr.Jayme_da_Fonte_2024-05-14_17-00-43.gpx",
241,000,2024-05-14_17-08-08_2024-05-14_17-08-08.gpx,
242,000,"2024-05-14_17-14-12_Pontilhão_da_Av._Gov._Agamenon_Magalhães,_Pista_local_da_Av._Gov._Agamenon_Magalhães_2024-05-14_17-14-12.gpx",
243,000,2024-05-14_17-16-41_2024-05-14_17-16-41.gpx,
245,000,2024-05-14_17-23-17_2024-05-14_17-23-17.gpx,
248,000,"2024-05-14_19-35-18_Rua_da_Soledade,_Rua_Nunes_Machado_e_Av._João_de_Barros_até_a_Rua_Joaquim_Felipe._2024-05-14_19-35-18.gpx",
249,000,2024-05-14_19-47-39_RUA_JOAQUIM_FELIPE_2024-05-14_19-47-39.gpx,
250,000,2024-05-14_20-02-44_LEOPOLDO_LINS_2024-05-14_20-02-44.gpx,
252,000,2024-05-14_20-14-22_Av._Montevidéu_até_Rua_Buenos_Aires._2024-05-14_20-14-22.gpx,
253,000,2024-05-14_20-32-24_MONTE_CASTELO_2024-05-14_20-32-24.gpx,
254,000,2024-05-14_20-42-30_RUA_PADRE_INGLÊS_2024-05-14_20-42-30.gpx,
256,000,2024-05-15_17-16-58_2024-05-15_17-16-58.gpx,
257,000,2024-05-15_17-24-40_2024-05-15_17-24-40.gpx,
258,000,2024-05-15_17-26-13_2024-05-15_17-26-13.gpx,
260,000,2024-05-15_18-29-24_2024-05-15_18-29-24.gpx,
261,000,2024-05-15_18-37-47_2024-05-15_18-37-47.gpx,
262,000,2024-05-15_19-08-24_2024-05-15_19-08-24.gpx,
263,000,2024-05-15_19-19-23_2024-05-15_19-19-23.gpx,
264,000,2024-05-15_19-20-05_2024-05-15_19-20-05.gpx,
265,000,2024-05-16_17-05-22_2024-05-16_17-05-22.gpx,
266,000,2024-05-16_17-21-40_2024-05-16_17-21-40.gpx,
268,269,2024-05-16_17-45-39_2024-05-16_17-45-39.gpx,2024-05-16_17-46-06_2024-05-16_17-46-06.gpx
270,000,2024-05-16_18-25-47_2024-05-16_18-25-47.gpx,
271,000,2024-05-16_18-40-04_2024-05-16_18-40-04.gpx,
272,273,2024-05-16_18-54-26_2024-05-16_18-54-26.gpx,2024-05-16_18-54-37_2024-05-16_18-54-37.gpx
274,275,2024-05-16_19-06-19_2024-05-16_19-06-19.gpx,2024-05-16_19-06-21_2024-05-16_19-06-21.gpx
275,275,2024-05-16_19-06-21_2024-05-16_19-06-21.gpx,2024-05-16_19-06-21_2024-05-16_19-06-21.gpx
276,000,2024-05-16_19-14-21_2024-05-16_19-14-21.gpx,
277,000,2024-05-16_19-18-55_2024-05-16_19-18-55.gpx,
278,000,2024-05-16_19-25-36_2024-05-16_19-25-36.gpx,
279,000,2024-05-17_15-54-13_2024-05-17_15-54-13.gpx,
280,000,2024-05-17_15-55-40_2024-05-17_15-55-40.gpx,
281,000,2024-05-17_16-17-53_2024-05-17_16-17-53.gpx,
284,000,2024-05-17_16-44-19_2024-05-17_16-44-19.gpx,
285,000,2024-05-17_17-19-01_2024-05-17_17-19-01.gpx,
286,000,2024-05-17_18-11-06_2024-05-17_18-11-06.gpx,
287,000,2024-05-17_18-27-58_2024-05-17_18-27-58.gpx,
288,000,2024-05-17_18-37-35_2024-05-17_18-37-35.gpx,
289,000,2024-05-17_18-44-35_2024-05-17_18-44-35.gpx,
290,000,2024-05-17_18-59-14_2024-05-17_18-59-14.gpx,
291,000,2024-05-17_19-01-22_2024-05-17_19-01-22.gpx,
293,000,2024-05-20_07-39-28_ciclorrota_lindolfo_collor_2024-05-20_07-39-28.gpx,
294,295,2024-05-20_08-01-22_Ciclofaixa_Lindolfo_Collor_2024-05-20_08-01-22.gpx,2024-05-20_08-01-26_ciclofaixa_lindolfo_collor_2024-05-20_08-01-26.gpx
297,296,2024-05-20_08-47-05_Ciclofaixa_Rota_Afonso_Olindense_-_av._prof._Luiz_Freire_2024-05-20_08-47-05.gpx,2024-05-20_08-46-59_ciclofaixa_rota_Afonso_olindense_av_prof_Luiz_freire_2024-05-20_08-46-59.gpx
298,299,2024-05-20_09-14-53_Ciclorrota_Afonso_Olindense_2024-05-20_09-14-53.gpx,2024-05-20_09-15-56_ciclorrota_Afonso_olindense_2024-05-20_09-15-56.gpx
300,301,2024-05-20_09-55-50_Área_compartilhada_praça_da_Várzea_2024-05-20_09-55-50.gpx,2024-05-20_09-55-57_área_compartilhada_praça_da_varzea_2024-05-20_09-55-57.gpx
302,303,2024-05-20_10-13-49_CICLOFAIXA_AFONSO_OLINDENSE_2024-05-20_10-13-49.gpx,2024-05-20_10-13-55_ciclofaixa_Afonso_olindense_2024-05-20_10-13-55.gpx
304,305,2024-05-20_11-28-18_CICLOFAIXA_BEBERIBE_2024-05-20_11-28-18.gpx,2024-05-20_11-28-27_ciclofaixa_beberibe_2024-05-20_11-28-27.gpx
306,000,2024-05-20_12-46-06_ciclorrota_Sebastião_salazar_2024-05-20_12-46-06.gpx,
308,309,2024-05-20_13-06-24_Ciclofaixa_Sebastião_Salazar_2024-05-20_13-06-24.gpx,2024-05-20_13-06-26_ciclofaixa_Sebastião_baltazar_2024-05-20_13-06-26.gpx
310,311,2024-05-20_13-23-24_Ciclovia_Rio_Beberibe_2024-05-20_13-23-24.gpx,2024-05-20_13-23-47_ciclovia_Rio_beberibe_2024-05-20_13-23-47.gpx
314,259,2024-05-20_17-20-07_Rua_treze_de_maio_2024-05-20_17-20-07.gpx,2024-05-15_17-59-41_2024-05-15_17-59-41.gpx
317,000,2024-05-21_13-05-17_Ciclovia_Orla_(AV_Boa_viagem)_2024-05-21_13-05-17.gpx,
318,000,"2024-05-21_13-49-16_Rua_Comendador_Moraes,_Rua_do_Jaú_2024-05-21_13-49-16.gpx",
319,000,"2024-05-21_13-56-40_Rua_Marechal_Hermes,_Av._Brasília_Formosa_2024-05-21_13-56-40.gpx",
320,000,2024-05-21_15-00-37_ciclovia_Praça_da_bandeira_2024-05-21_15-00-37.gpx,
321,000,2024-05-21_15-17-21_Av_Beira_Rio_2024-05-21_15-17-21.gpx,
322,000,2024-05-21_15-29-42_ciclovia_Av._Desembargador_Guerra_Barreto_2024-05-21_15-29-42.gpx,
323,000,2024-05-21_15-38-55_ciclofaixa_Av._Desembargador_Guerra_Barreto_2024-05-21_15-38-55.gpx,
324,000,2024-05-21_15-41-53_ciclovia_Av._Desembargador_Guerra_Barreto_2024-05-21_15-41-53.gpx,
325,000,"2024-05-21_15-54-40_Praça_da_Bandeira,_Av_Prefeito_Lima_Castro,_Rua_Joaquim_Santos_Souto._2024-05-21_15-54-40.gpx",
327,000,2024-05-21_21-52-04_BECO_DO_ESTUDANTE_2024-05-21_21-52-04.gpx,
329,000,2024-05-25_17-02-10_2024-05-25_17-02-10.gpx,
330,000,2024-05-25_17-08-33_2024-05-25_17-08-33.gpx,
331,000,2024-05-26_10-06-52_2024-05-26_10-06-52.gpx,
332,000,2024-05-26_11-04-27_2024-05-26_11-04-27.gpx,
333,000,2024-05-26_11-13-08_2024-05-26_11-13-08.gpx,
334,000,2024-05-26_11-36-53_2024-05-26_11-36-53.gpx,
337,000,2024-05-26_15-27-41_2024-05-26_15-27-41.gpx,
339,000,2024-05-26_15-41-03_2024-05-26_15-41-03.gpx,
340,000,2024-05-26_16-24-33_2024-05-26_16-24-33.gpx,
341,000,2024-05-26_16-47-45_2024-05-26_16-47-45.gpx,
342,000,2024-05-26_17-47-33_2024-05-26_17-47-33.gpx,
343,000,2024-05-26_19-03-13_2024-05-26_19-03-13.gpx,
344,000,2024-05-27_17-05-02_2024-05-27_17-05-02.gpx,
345,000,2024-05-27_17-10-11_2024-05-27_17-10-11.gpx,
346,000,2024-05-27_17-25-25_2024-05-27_17-25-25.gpx,
347,000,2024-05-27_17-36-16_2024-05-27_17-36-16.gpx,
348,000,2024-05-28_16-25-50_2024-05-28_16-25-50.gpx,
349,000,2024-05-28_16-47-08_2024-05-28_16-47-08.gpx,
350,000,2024-05-28_16-47-16_2024-05-28_16-47-16.gpx,
351,000,2024-05-28_17-13-17_2024-05-28_17-13-17.gpx,
352,000,2024-05-28_17-33-07_2024-05-28_17-33-07.gpx,
353,000,2024-05-28_17-42-04_2024-05-28_17-42-04.gpx,
355,000,2024-05-28_18-09-51_2024-05-28_18-09-51.gpx,
356,000,2024-05-28_18-23-54_2024-05-28_18-23-54.gpx,
357,000,2024-05-28_18-27-47_2024-05-28_18-27-47.gpx,
358,000,2024-05-28_18-35-47_2024-05-28_18-35-47.gpx,
359,000,2024-05-28_18-48-03_2024-05-28_18-48-03.gpx,
360,000,2024-05-28_18-55-01_2024-05-28_18-55-01.gpx,
361,000,2024-05-28_19-04-39_2024-05-28_19-04-39.gpx,
362,000,2024-05-28_19-12-53_2024-05-28_19-12-53.gpx,
363,000,2024-06-17_16-41-24_ciclovia_ibiporã_2024-06-17_16-41-24.gpx,
364,000,2024-06-17_16-48-18_ciclorrota_ibiporã_2024-06-17_16-48-18.gpx,
365,000,2024-06-17_16-54-26_Ciclofaixa_ibiporã_2024-06-17_16-54-26.gpx,
366,000,2024-06-17_16-57-21_ciclofaixa_ibiporã_2024-06-17_16-57-21.gpx,
367,000,2024-06-18_08-48-01_ciclovia_Camilo_Simões_2024-06-18_08-48-01.gpx,
368,000,2024-06-18_09-07-04_ciclovia_Camilo_Simões_2024-06-18_09-07-04.gpx,
369,000,2024-06-18_09-24-54_ciclovia_Camilo_Simões_2024-06-18_09-24-54.gpx,
370,000,2024-06-18_09-27-08_Camilo_Simões_2024-06-18_09-27-08.gpx,
372,371,2024-06-18_09-48-31_Travessa_2024-06-18_09-48-31.gpx,2024-06-18_09-48-31_Beira_mar_2024-06-18_09-48-31.gpx
374,373,2024-06-18_11-04-37_Pan_nordestina_PE_60_PE15_2024-06-18_11-04-37.gpx,2024-06-18_10-55-13_Pan_nordestina_PE_60_PE_15_2024-06-18_10-55-13.gpx
376,000,2024-06-18_12-59-51_Abreu_e_Lima_Avenida_D_2024-06-18_12-59-51.gpx,
379,000,2024-06-19_15-42-13_labatut_2024-06-19_15-42-13.gpx,
381,000,2024-05-07_17-44-26_2024-05-07_17-44-26.gpx,
382,000,2024-05-26_18-49-17_2024-05-26_18-49-17.gpx,
385,000,osm-upload1849325856290346472.gpx,
386,000,osm-upload188168547601499934.gpx,
387,000,osm-upload1970797427016524851.gpx,
388,000,osm-upload2026424798420561392.gpx,
389,000,osm-upload2769250923629027347.gpx,
390,000,osm-upload3773350799655913767.gpx,
391,000,osm-upload4039024678012480229.gpx,
394,000,osm-upload5759796274708504644.gpx,
395,000,osm-upload5853556495454940541.gpx,
396,000,osm-upload7283127079328643487.gpx,